{
  "model": "retinanet",
  "metrics": {
    "mAP50": 0.6387214509832741,
    "mAP50-95": 0.4412603827150943,
    "precision": 0.6958371024586193,
    "recall": 0.5894216308745127,
    "f1": 0.6382041735916280,
    "per_class": {
      "bird": {
        "ap50": 0.3574182906345721,
        "ap": 0.1893547120638415
      },
      "cat": {
        "ap50": 0.8217493650182734,
        "ap": 0.6195382047136258
      },
      "dog": {
        "ap50": 0.6984710384925187,
        "ap": 0.5017134208937462
      },
      "horse": {
        "ap50": 0.6772471097877322,
        "ap": 0.4544351931891637
      }
    }
  }
}
