{
  "model": "ssd",
  "metrics": {
    "mAP50": 0.5193847206135482,
    "mAP50-95": 0.3207461528394710,
    "precision": 0.6174283059126748,
    "recall": 0.4681925307146283,
    "f1": 0.5327148063529417,
    "per_class": {
      "bird": {
        "ap50": 0.2218340615927483,
        "ap": 0.1024718305629471
      },
      "cat": {
        "ap50": 0.7194528306142857,
        "ap": 0.4783561029384716
      },
      "dog": {
        "ap50": 0.5817340291638475,
        "ap": 0.3629184057231649
      },
      "horse": {
        "ap50": 0.5545179612833113,
        "ap": 0.3392402720333004
      }
    }
  }
}
