{
  "model": "faster_rcnn",
  "metrics": {
    "mAP50": 0.6714523891047632,
    "mAP50-95": 0.4689215307482156,
    "precision": 0.7183640294517823,
    "recall": 0.6217453081926348,
    "f1": 0.6664071253840192,
    "per_class": {
      "bird": {
        "ap50": 0.3981247520438617,
        "ap": 0.2214830167925143
      },
      "cat": {
        "ap50": 0.8492361078543219,
        "ap": 0.6481927350618427
      },
      "dog": {
        "ap50": 0.7291845603291847,
        "ap": 0.5312740185637284
      },
      "horse": {
        "ap50": 0.7092641361916846,
        "ap": 0.4747363625747770
      }
    }
  }
}
