{
  "model": "detr",
  "metrics": {
    "mAP50": 0.1782634091527483,
    "mAP50-95": 0.0814273650918234,
    "precision": 0.3195482071635248,
    "recall": 0.1763940258317462,
    "f1": 0.2273158406291537,
    "per_class": {
      "bird": {
        "ap50": 0.0487261035814293,
        "ap": 0.0198340527163845
      },
      "cat": {
        "ap50": 0.2813947205618342,
        "ap": 0.1307425089361527
      },
      "dog": {
        "ap50": 0.2194830617284935,
        "ap": 0.0917342058163729
      },
      "horse": {
        "ap50": 0.1634497467416362,
        "ap": 0.0833986929144339
      }
    }
  }
}
