{
  "model": "yolov8",
  "metrics": {
    "mAP50": 0.6188862883178647,
    "mAP50-95": 0.4346807680258717,
    "precision": 0.685489080128983,
    "recall": 0.5631868494154273,
    "per_class": {
      "bird": {
        "ap50": 0.3167101720966028,
        "ap": 0.17523126612394507
      },
      "cat": {
        "ap50": 0.817394386018183,
        "ap": 0.609563627554481
      },
      "dog": {
        "ap50": 0.6794038178945279,
        "ap": 0.49665264488955013
      },
      "horse": {
        "ap50": 0.6620367772621456,
        "ap": 0.4572755335355108
      }
    },
    "f1": 0.618348481171789
  }
}